{
"type": "FeatureCollection",
"name": "M20_Localization_Spreadsheet_248",
"features": [
{ "type": "Feature", "properties": { "RMC": "3_0", "site": "3", "drive": "0", "sol": "13", "easting": "4354494.086", "northing": "1093299.695", "elev_geoid": "-2569.91", "elev_radii": "-4253.47", "radius": "3391936.53", "roll": "-1.18", "pitch": "-0.03", "yaw": "130.88", "yaw_rad": "2.28", "tilt": "1.18", "dist_m": "0.00", "dist_total_m": "0.00", "dist_km": "0.00", "dist_mi": "0.00", "final": "y", "Note": "Site increment, no motion." }, "geometry": { "type": "Point", "coordinates": [ 77.45088572, 18.44462715 ] } },
{ "type": "Feature", "properties": { "RMC": "3_110", "site": "3", "drive": "110", "sol": "14", "easting": "4354497.517", "northing": "1093294.730", "elev_geoid": "-2569.86", "elev_radii": "-4253.42", "radius": "3391936.58", "roll": "0.97", "pitch": "-0.27", "yaw": "-15.11", "yaw_rad": "-0.26", "tilt": "1.01", "dist_m": "6.25", "dist_total_m": "6.25", "dist_km": "0.01", "dist_mi": "0.00", "final": "y", "Note": "First localization!" }, "geometry": { "type": "Point", "coordinates": [ 77.45094676, 18.44454339 ] } },
{ "type": "Feature", "properties": { "RMC": "3_386", "site": "3", "drive": "386", "sol": "15", "easting": "4354502.424", "northing": "1093329.801", "elev_geoid": "-2569.94", "elev_radii": "-4253.58", "radius": "3391936.42", "roll": "1.68", "pitch": "-1.70", "yaw": "88.57", "yaw_rad": "1.55", "tilt": "2.39", "dist_m": "36.39", "dist_total_m": "42.65", "dist_km": "0.04", "dist_mi": "0.03", "final": "y", "Note": "Used Mobility Report WID: 40151" }, "geometry": { "type": "Point", "coordinates": [ 77.45103403, 18.44513505 ] } },
{ "type": "Feature", "properties": { "RMC": "3_578", "site": "3", "drive": "578", "sol": "16", "easting": "4354528.468", "northing": "1093338.387", "elev_geoid": "-2569.29", "elev_radii": "-4252.97", "radius": "3391937.03", "roll": "-0.30", "pitch": "1.95", "yaw": "71.21", "yaw_rad": "1.24", "tilt": "1.97", "dist_m": "27.43", "dist_total_m": "70.08", "dist_km": "0.07", "dist_mi": "0.04", "final": "y", "Note": "Used Mobility Report WID: 40161" }, "geometry": { "type": "Point", "coordinates": [ 77.45149727, 18.4452799 ] } },
{ "type": "Feature", "properties": { "RMC": "3_770", "site": "3", "drive": "770", "sol": "20", "easting": "4354548.640", "northing": "1093330.590", "elev_geoid": "-2568.93", "elev_radii": "-4252.60", "radius": "3391937.40", "roll": "0.97", "pitch": "0.65", "yaw": "127.84", "yaw_rad": "2.23", "tilt": "1.16", "dist_m": "23.42", "dist_total_m": "93.51", "dist_km": "0.09", "dist_mi": "0.06", "final": "y", "Note": "Used Mobility Report WID: 40201" }, "geometry": { "type": "Point", "coordinates": [ 77.45185605, 18.44514836 ] } },
{ "type": "Feature", "properties": { "RMC": "3_792", "site": "3", "drive": "792", "sol": "23", "easting": "4354544.202", "northing": "1093333.786", "elev_geoid": "-2568.97", "elev_radii": "-4252.63", "radius": "3391937.37", "roll": "0.69", "pitch": "-1.29", "yaw": "-51.92", "yaw_rad": "-0.91", "tilt": "1.46", "dist_m": "5.47", "dist_total_m": "98.98", "dist_km": "0.10", "dist_mi": "0.06", "final": "y", "Note": "Used Mobility Report WID: 40231" }, "geometry": { "type": "Point", "coordinates": [ 77.45177711, 18.44520229 ] } },
{ "type": "Feature", "properties": { "RMC": "3_828", "site": "3", "drive": "828", "sol": "29", "easting": "4354546.709", "northing": "1093331.539", "elev_geoid": "-2568.93", "elev_radii": "-4252.59", "radius": "3391937.41", "roll": "1.27", "pitch": "-0.22", "yaw": "116.84", "yaw_rad": "2.04", "tilt": "1.29", "dist_m": "3.94", "dist_total_m": "102.92", "dist_km": "0.10", "dist_mi": "0.06", "final": "y", "Note": "Used Mobility Report WID: 50291" }, "geometry": { "type": "Point", "coordinates": [ 77.4518217, 18.44516437 ] } },
{ "type": "Feature", "properties": { "RMC": "3_1044", "site": "3", "drive": "1044", "sol": "31", "easting": "4354519.166", "northing": "1093332.465", "elev_geoid": "-2569.60", "elev_radii": "-4253.26", "radius": "3391936.74", "roll": "0.77", "pitch": "-1.40", "yaw": "-134.52", "yaw_rad": "-2.35", "tilt": "1.60", "dist_m": "33.39", "dist_total_m": "136.31", "dist_km": "0.14", "dist_mi": "0.09", "final": "y", "Note": "Used Mobility Report WID:  30311" }, "geometry": { "type": "Point", "coordinates": [ 77.45133181, 18.44518 ] } },
{ "type": "Feature", "properties": { "RMC": "3_1266", "site": "3", "drive": "1266", "sol": "32", "easting": "4354511.566", "northing": "1093304.014", "elev_geoid": "-2569.81", "elev_radii": "-4253.39", "radius": "3391936.61", "roll": "0.31", "pitch": "-0.92", "yaw": "-132.41", "yaw_rad": "-2.31", "tilt": "0.97", "dist_m": "30.61", "dist_total_m": "166.92", "dist_km": "0.17", "dist_mi": "0.10", "final": "y", "Note": "Used Mobility Report WID:  30321" }, "geometry": { "type": "Point", "coordinates": [ 77.45119664, 18.44470001 ] } },
{ "type": "Feature", "properties": { "RMC": "3_1374", "site": "3", "drive": "1374", "sol": "33", "easting": "4354501.886", "northing": "1093307.106", "elev_geoid": "-2569.99", "elev_radii": "-4253.58", "radius": "3391936.42", "roll": "-0.80", "pitch": "-1.37", "yaw": "-0.30", "yaw_rad": "-0.01", "tilt": "1.59", "dist_m": "12.96", "dist_total_m": "179.88", "dist_km": "0.18", "dist_mi": "0.11", "final": "y", "Note": "Used Mobility Report WID:  50333" }, "geometry": { "type": "Point", "coordinates": [ 77.45102446, 18.44475218 ] } },
{ "type": "Feature", "properties": { "RMC": "3_1392", "site": "3", "drive": "1392", "sol": "34", "easting": "4354501.722", "northing": "1093313.659", "elev_geoid": "-2569.99", "elev_radii": "-4253.61", "radius": "3391936.39", "roll": "0.60", "pitch": "-0.55", "yaw": "-0.43", "yaw_rad": "-0.01", "tilt": "0.81", "dist_m": "6.55", "dist_total_m": "186.43", "dist_km": "0.19", "dist_mi": "0.12", "final": "y", "Note": "Used Mobility Report WID:  50341" }, "geometry": { "type": "Point", "coordinates": [ 77.45102154, 18.44486273 ] } },
{ "type": "Feature", "properties": { "RMC": "3_1398", "site": "3", "drive": "1398", "sol": "43", "easting": "4354501.894", "northing": "1093318.259", "elev_geoid": "-2570.02", "elev_radii": "-4253.65", "radius": "3391936.35", "roll": "-1.11", "pitch": "-0.14", "yaw": "-0.16", "yaw_rad": "0.00", "tilt": "1.12", "dist_m": "4.60", "dist_total_m": "191.033", "dist_km": "0.19", "dist_mi": "0.12", "final": "y", "Note": "Used Mobility Report WID:  30431" }, "geometry": { "type": "Point", "coordinates": [ 77.45102461, 18.44494033 ] } },
{ "type": "Feature", "properties": { "RMC": "3_1416", "site": "3", "drive": "1416", "sol": "44", "easting": "4354501.662", "northing": "1093318.415", "elev_geoid": "-2570.02", "elev_radii": "-4253.65", "radius": "3391936.35", "roll": "-0.13", "pitch": "0.02", "yaw": "136.91", "yaw_rad": "2.39", "tilt": "0.14", "dist_m": "0.28", "dist_total_m": "191.31", "dist_km": "0.19", "dist_mi": "0.12", "final": "y", "Note": "Used Mobility Report WID:  30441" }, "geometry": { "type": "Point", "coordinates": [ 77.45102047, 18.44494297 ] } },
{ "type": "Feature", "properties": { "RMC": "3_1708", "site": "3", "drive": "1708", "sol": "47", "easting": "4354530.283", "northing": "1093308.697", "elev_geoid": "-2569.54", "elev_radii": "-4253.13", "radius": "3391936.87", "roll": "2.31", "pitch": "-0.46", "yaw": "179.89", "yaw_rad": "3.14", "tilt": "2.36", "dist_m": "38.43", "dist_total_m": "229.74", "dist_km": "0.23", "dist_mi": "0.14", "final": "y", "Note": "Used Mobility Report WID:  30471" }, "geometry": { "type": "Point", "coordinates": [ 77.45152954, 18.44477901 ] } },
{ "type": "Feature", "properties": { "RMC": "3_1850", "site": "3", "drive": "1850", "sol": "48", "easting": "4354546.553", "northing": "1093314.164", "elev_geoid": "-2569.04", "elev_radii": "-4252.66", "radius": "3391937.34", "roll": "1.26", "pitch": "0.27", "yaw": "-178.74", "yaw_rad": "-3.12", "tilt": "1.29", "dist_m": "17.17", "dist_total_m": "246.91", "dist_km": "0.25", "dist_mi": "0.15", "final": "y", "Note": "Used Mobility Report WID: 30481" }, "geometry": { "type": "Point", "coordinates": [ 77.45181893, 18.44487125 ] } },
{ "type": "Feature", "properties": { "RMC": "3_1950", "site": "3", "drive": "1950", "sol": "49", "easting": "4354557.816", "northing": "1093309.691", "elev_geoid": "-2568.98", "elev_radii": "-4252.6", "radius": "3391937.40", "roll": "-0.11", "pitch": "-0.07", "yaw": "179.85", "yaw_rad": "3.14", "tilt": "0.13", "dist_m": "12.13", "dist_total_m": "259.04", "dist_km": "0.26", "dist_mi": "0.16", "final": "y", "Note": "Used Mobility Report WID: 30493" }, "geometry": { "type": "Point", "coordinates": [ 77.45201926, 18.44479579 ] } },
{ "type": "Feature", "properties": { "RMC": "3_2046", "site": "3", "drive": "2046", "sol": "52", "easting": "4354564.594", "northing": "1093307.120", "elev_geoid": "-2569.05", "elev_radii": "-4252.66", "radius": "3391937.34", "roll": "0.16", "pitch": "0.24", "yaw": "175.23", "yaw_rad": "3.06", "tilt": "0.29", "dist_m": "11.52", "dist_total_m": "270.56", "dist_km": "0.27", "dist_mi": "0.17", "final": "y", "Note": "Used Mobility Report WID: 30521" }, "geometry": { "type": "Point", "coordinates": [ 77.45213981, 18.44475241 ] } },
{ "type": "Feature", "properties": { "RMC": "3_2150", "site": "3", "drive": "2150", "sol": "65", "easting": "4354569.415", "northing": "1093302.011", "elev_geoid": "-2569.00", "elev_radii": "-4252.58", "radius": "3391937.42", "roll": "0.52", "pitch": "-1.52", "yaw": "172.92", "yaw_rad": "3.02", "tilt": "1.60", "dist_m": "8.50", "dist_total_m": "279.06", "dist_km": "0.28", "dist_mi": "0.17", "final": "y", "Note": "Used Mobility Report WID: 30651" }, "geometry": { "type": "Point", "coordinates": [ 77.45222556, 18.44466622 ] } },
{ "type": "Feature", "properties": { "RMC": "3_2208", "site": "3", "drive": "2208", "sol": "66", "easting": "4354573.466", "northing": "1093293.855", "elev_geoid": "-2569.32", "elev_radii": "-4252.88", "radius": "3391937.12", "roll": "-0.46", "pitch": "-0.99", "yaw": "162.26", "yaw_rad": "2.83", "tilt": "1.09", "dist_m": "9.21", "dist_total_m": "288.27", "dist_km": "0.29", "dist_mi": "0.18", "final": "y", "Note": "Used Mobility Report WID: 30661" }, "geometry": { "type": "Point", "coordinates": [ 77.45229762, 18.44452862 ] } },
{ "type": "Feature", "properties": { "RMC": "3_2346", "site": "3", "drive": "2346", "sol": "72", "easting": "4354585.826", "northing": "1093278.999", "elev_geoid": "-2569.14", "elev_radii": "-4252.67", "radius": "3391937.33", "roll": "1.38", "pitch": "0.65", "yaw": "-170.75", "yaw_rad": "-2.98", "tilt": "1.53", "dist_m": "19.47", "dist_total_m": "307.74", "dist_km": "0.31", "dist_mi": "0.19", "final": "y", "Note": "Used Mobility Report WID: 40721" }, "geometry": { "type": "Point", "coordinates": [ 77.45251746, 18.44427799 ] } },
{ "type": "Feature", "properties": { "RMC": "3_2430", "site": "3", "drive": "2430", "sol": "73", "easting": "4354589.755", "northing": "1093269.989", "elev_geoid": "-2568.81", "elev_radii": "-4252.32", "radius": "3391937.68", "roll": "1.811126", "pitch": "1.86", "yaw": "156.19", "yaw_rad": "2.73", "tilt": "2.60", "dist_m": "9.83", "dist_total_m": "317.57", "dist_km": "0.32", "dist_mi": "0.20", "final": "y", "Note": "Used Mobility Report WID: 30731" }, "geometry": { "type": "Point", "coordinates": [ 77.45258735, 18.44412598 ] } },
{ "type": "Feature", "properties": { "RMC": "4_0", "site": "4", "drive": "0", "sol": "84", "easting": "4354572.28", "northing": "1093275.518", "elev_geoid": "-2569.3", "elev_radii": "-4252.81", "radius": "3391937.19", "roll": "1.084", "pitch": "1.067", "yaw": "-58.384", "yaw_rad": "-1.02", "tilt": "1.521034188", "dist_m": "18.37", "dist_total_m": "335.94", "dist_km": "0.34", "dist_mi": "0.21", "final": "y", "Note": "Used Mobility Report. Manual entry." }, "geometry": { "type": "Point", "coordinates": [ 77.45227652, 18.44421927 ] } },
{ "type": "Feature", "properties": { "RMC": "4_48", "site": "4", "drive": "48", "sol": "86", "easting": "4354569.045", "northing": "1093272.017", "elev_geoid": "-2569.2", "elev_radii": "-4252.74", "radius": "3391937.26", "roll": "-0.45935", "pitch": "-0.423369", "yaw": "-141.172721", "yaw_rad": "-2.46", "tilt": "0.624692", "dist_m": "4.77", "dist_total_m": "340.71", "dist_km": "0.34", "dist_mi": "0.21", "final": "y", "Note": "Used Mobility Report WID: 30861" }, "geometry": { "type": "Point", "coordinates": [ 77.45221898, 18.4441602 ] } },
{ "type": "Feature", "properties": { "RMC": "4_136", "site": "4", "drive": "136", "sol": "91", "easting": "4354568.374", "northing": "1093255.418", "elev_geoid": "-2569.23", "elev_radii": "-4252.68", "radius": "3391937.32", "roll": "-0.751758", "pitch": "1.04", "yaw": "-119.12", "yaw_rad": "-2.08", "tilt": "1.28", "dist_m": "19.67", "dist_total_m": "360.38", "dist_km": "0.36", "dist_mi": "0.22", "final": "y", "Note": "Used Mobility Report WID: 40920" }, "geometry": { "type": "Point", "coordinates": [ 77.45220705, 18.44388017 ] } },
{ "type": "Feature", "properties": { "RMC": "4_218", "site": "4", "drive": "218", "sol": "100", "easting": "4354565.816", "northing": "1093248.456", "elev_geoid": "-2569.197", "elev_radii": "-4252.623", "radius": "3391937.38", "roll": "1.154141", "pitch": "0.360975", "yaw": "-138.622112", "yaw_rad": "-2.42", "tilt": "1.209267", "dist_m": "16.43", "dist_total_m": "376.81", "dist_km": "0.38", "dist_mi": "0.23", "final": "y", "Note": "Used Mobility Report WID: 40993" }, "geometry": { "type": "Point", "coordinates": [ 77.45216155, 18.44376271 ] } },
{ "type": "Feature", "properties": { "RMC": "4_372", "site": "4", "drive": "372", "sol": "102", "easting": "4354530.161", "northing": "1093218.345", "elev_geoid": "-2568.954", "elev_radii": "-4252.301", "radius": "3391937.70", "roll": "0.726134", "pitch": "2.630409", "yaw": "-108.319735", "yaw_rad": "-1.89", "tilt": "2.728727", "dist_m": "47.58", "dist_total_m": "424.39", "dist_km": "0.42", "dist_mi": "0.26", "final": "y", "Note": "Used Mobility Report WID: 51021" }, "geometry": { "type": "Point", "coordinates": [ 77.45152737, 18.44325472 ] } },
{ "type": "Feature", "properties": { "RMC": "4_430", "site": "4", "drive": "430", "sol": "103", "easting": "4354511.439", "northing": "1093203.102", "elev_geoid": "-2568.864258", "elev_radii": "-4252.157227", "radius": "3391937.84", "roll": "0.51597", "pitch": "-0.142218", "yaw": "-118.868337", "yaw_rad": "-2.07", "tilt": "0.53521", "dist_m": "24.19232622", "dist_total_m": "448.58", "dist_km": "0.45", "dist_mi": "0.28", "final": "y", "Note": "Used Mobility Report WID: 31031" }, "geometry": { "type": "Point", "coordinates": [ 77.45119438, 18.44299756 ] } },
{ "type": "Feature", "properties": { "RMC": "4_510", "site": "4", "drive": "510", "sol": "104", "easting": "4354492.887", "northing": "1093169.054", "elev_geoid": "-2568.932", "elev_radii": "-4252.1", "radius": "3391937.90", "roll": "-1.52413", "pitch": "0.47866", "yaw": "-146.308605", "yaw_rad": "-2.55", "tilt": "1.597509", "dist_m": "38.82", "dist_total_m": "487.40", "dist_km": "0.49", "dist_mi": "0.30", "final": "y", "Note": "Used Mobility Report WID 51041" }, "geometry": { "type": "Point", "coordinates": [ 77.4508644, 18.44242315 ] } },
{ "type": "Feature", "properties": { "RMC": "4_592", "site": "4", "drive": "592", "sol": "105", "easting": "4354483.453", "northing": "1093144.443", "elev_geoid": "-2568.51", "elev_radii": "-4251.61", "radius": "3391938.39", "roll": "1.481943", "pitch": "-0.611076", "yaw": "-143.259569", "yaw_rad": "-2.50", "tilt": "1.602962", "dist_m": "26.57", "dist_total_m": "513.97", "dist_km": "0.51", "dist_mi": "0.32", "final": "y", "Note": "Used Mobility Report WID 31051" }, "geometry": { "type": "Point", "coordinates": [ 77.45069661, 18.44200795 ] } },
{ "type": "Feature", "properties": { "RMC": "4_644", "site": "4", "drive": "644", "sol": "107", "easting": "4354482.512", "northing": "1093136.715", "elev_geoid": "-2568.522461", "elev_radii": "-4251.620117", "radius": "3391938.38", "roll": "-1.837485", "pitch": "2.940282", "yaw": "148.340496", "yaw_rad": "2.59", "tilt": "3.466791", "dist_m": "9.05", "dist_total_m": "523.03", "dist_km": "0.52", "dist_mi": "0.32", "final": "y", "Note": "Used Mobility Report WID 31071" }, "geometry": { "type": "Point", "coordinates": [ 77.45067987, 18.44187758 ] } },
{ "type": "Feature", "properties": { "RMC": "4_738", "site": "4", "drive": "738", "sol": "108", "easting": "4354462.152", "northing": "1093130.825", "elev_geoid": "-2568.672852", "elev_radii": "-4251.712402", "radius": "3391938.29", "roll": "0.859513", "pitch": "-0.512586", "yaw": "-119.538547", "yaw_rad": "-2.09", "tilt": "1.000744", "dist_m": "21.85", "dist_total_m": "544.87", "dist_km": "0.54", "dist_mi": "0.34", "final": "y", "Note": "Used Mobility Report WID 51081" }, "geometry": { "type": "Point", "coordinates": [ 77.45031774, 18.4417782 ] } },
{ "type": "Feature", "properties": { "RMC": "4_822", "site": "4", "drive": "822", "sol": "109", "easting": "4354428.843", "northing": "1093091.803", "elev_geoid": "-2568.707275", "elev_radii": "-4251.640625", "radius": "3391938.36", "roll": "0.759531", "pitch": "-1.489", "yaw": "-143.124852", "yaw_rad": "-2.50", "tilt": "1.671489", "dist_m": "51.64", "dist_total_m": "596.51", "dist_km": "0.60", "dist_mi": "0.37", "final": "y", "Note": "Used Mobility Report WID 31091" }, "geometry": { "type": "Point", "coordinates": [ 77.4497253, 18.44111989 ] } },
{ "type": "Feature", "properties": { "RMC": "4_922", "site": "4", "drive": "922", "sol": "110", "easting": "4354424.255", "northing": "1093037.237", "elev_geoid": "-2568.9", "elev_radii": "-4251.657", "radius": "3391938.34", "roll": "0.548192", "pitch": "0.408447", "yaw": "-153.263831", "yaw_rad": "-2.67", "tilt": "0.683622", "dist_m": "56.9", "dist_total_m": "653.41", "dist_km": "0.65", "dist_mi": "0.41", "final": "y", "Note": "Used Mobility Report WID 51100" }, "geometry": { "type": "Point", "coordinates": [ 77.44964369, 18.44019932 ] } },
{ "type": "Feature", "properties": { "RMC": "4_1062", "site": "4", "drive": "1062", "sol": "113", "easting": "4354418.312", "northing": "1093002.356", "elev_geoid": "-2569.137", "elev_radii": "-4251.799", "radius": "3391938.20", "roll": "0.610508", "pitch": "1.011405", "yaw": "-154.85464", "yaw_rad": "-2.70", "tilt": "1.181364", "dist_m": "35.75", "dist_total_m": "689.16", "dist_km": "0.69", "dist_mi": "0.43", "final": "y", "Note": "Used Mobility Report WID 41131" }, "geometry": { "type": "Point", "coordinates": [ 77.44953798, 18.43961086 ] } },
{ "type": "Feature", "properties": { "RMC": "4_1250", "site": "4", "drive": "1250", "sol": "116", "easting": "4354410.67", "northing": "1092970.249", "elev_geoid": "-2568.073", "elev_radii": "-4250.625", "radius": "3391939.38", "roll": "1.906783", "pitch": "4.01765", "yaw": "-140.022425", "yaw_rad": "-2.44", "tilt": "4.446501", "dist_m": "56.90", "dist_total_m": "746.06", "dist_km": "0.75", "dist_mi": "0.46", "final": "y", "Note": "Used Mobility Report WID 31161" }, "geometry": { "type": "Point", "coordinates": [ 77.44940206, 18.43906919 ] } },
{ "type": "Feature", "properties": { "RMC": "4_1422", "site": "4", "drive": "1422", "sol": "122", "easting": "4354411.196", "northing": "1093000.012", "elev_geoid": "-2568.958984", "elev_radii": "-4251.611328", "radius": "3391938.39", "roll": "-2.276642", "pitch": "0.64177", "yaw": "99.780294", "yaw_rad": "1.74", "tilt": "2.365322", "dist_m": "30.40", "dist_total_m": "776.45", "dist_km": "0.78", "dist_mi": "0.48", "final": "y", "Note": "Used Mobility Report WID 31221" }, "geometry": { "type": "Point", "coordinates": [ 77.44941141, 18.43957131 ] } },
{ "type": "Feature", "properties": { "RMC": "4_1644", "site": "4", "drive": "1644", "sol": "123", "easting": "4354423.77", "northing": "1092934.074", "elev_geoid": "-2568.479248", "elev_radii": "-4250.977051", "radius": "3391939.02", "roll": "0.614466", "pitch": "0.77317", "yaw": "-154.965991", "yaw_rad": "-2.70", "tilt": "0.987592", "dist_m": "72.80", "dist_total_m": "849.25", "dist_km": "0.85", "dist_mi": "0.53", "final": "y", "Note": "Used Mobility Report WID 31231" }, "geometry": { "type": "Point", "coordinates": [ 77.44963506, 18.4384589 ] } },
{ "type": "Feature", "properties": { "RMC": "4_1712", "site": "4", "drive": "1712", "sol": "124", "easting": "4354419.546", "northing": "1092927.062", "elev_geoid": "-2568.212891", "elev_radii": "-4250.667969", "radius": "3391939.33", "roll": "-0.954104", "pitch": "2.471333", "yaw": "-153.763918", "yaw_rad": "-2.68", "tilt": "2.649007", "dist_m": "8.19", "dist_total_m": "857.44", "dist_km": "0.86", "dist_mi": "0.53", "final": "y", "Note": "Used Mobility Report WID 51241" }, "geometry": { "type": "Point", "coordinates": [ 77.44955992, 18.4383406 ] } },
{ "type": "Feature", "properties": { "RMC": "4_1776", "site": "4", "drive": "1776", "sol": "126", "easting": "4354434.19", "northing": "1092909.298", "elev_geoid": "-2568.582031", "elev_radii": "-4250.956543", "radius": "3391939.04", "roll": "3.621639", "pitch": "-3.602586", "yaw": "152.731631", "yaw_rad": "2.67", "tilt": "5.106623", "dist_m": "24.71", "dist_total_m": "882.15", "dist_km": "0.88", "dist_mi": "0.55", "final": "y", "Note": "Used Mobility Report WID 31261" }, "geometry": { "type": "Point", "coordinates": [ 77.4498204, 18.43804091 ] } },
{ "type": "Feature", "properties": { "RMC": "4_1860", "site": "4", "drive": "1860", "sol": "127", "easting": "4354441.988", "northing": "1092870.189", "elev_geoid": "-2569.112", "elev_radii": "-4251.365", "radius": "3391938.64", "roll": "3.807982", "pitch": "-2.648202", "yaw": "-176.864079", "yaw_rad": "-3.09", "tilt": "4.637173", "dist_m": "40.37", "dist_total_m": "922.52", "dist_km": "0.92", "dist_mi": "0.57", "final": "y", "Note": "Used Mobility Report WID 51271" }, "geometry": { "type": "Point", "coordinates": [ 77.44995909, 18.43738112 ] } },
{ "type": "Feature", "properties": { "RMC": "4_1878", "site": "4", "drive": "1878", "sol": "128", "easting": "4354442.314", "northing": "1092873.002", "elev_geoid": "-2569.176", "elev_radii": "-4251.471", "radius": "3391938.53", "roll": "-0.509437", "pitch": "-0.20859", "yaw": "-172.628951", "yaw_rad": "-3.01", "tilt": "0.550486", "dist_m": "2.83", "dist_total_m": "925.35", "dist_km": "0.93", "dist_mi": "0.57", "final": "y", "Note": "Used Mobility Report WID 41281" }, "geometry": { "type": "Point", "coordinates": [ 77.44996489, 18.43742858 ] } },
{ "type": "Feature", "properties": { "RMC": "4_2222", "site": "4", "drive": "2222", "sol": "129", "easting": "4354467.38", "northing": "1092850.236", "elev_geoid": "-2569.245", "elev_radii": "-4251.449", "radius": "3391938.55", "roll": "0.997136", "pitch": "0.870071", "yaw": "81.177172", "yaw_rad": "1.42", "tilt": "1.323339", "dist_m": "51.438", "dist_total_m": "976.79", "dist_km": "0.98", "dist_mi": "0.61", "final": "y", "Note": "Used Mobility Report WID 41291" }, "geometry": { "type": "Point", "coordinates": [ 77.45041072, 18.4370445 ] } },
{ "type": "Feature", "properties": { "RMC": "5_0", "site": "5", "drive": "0", "sol": "130", "easting": "4354541.286", "northing": "1092773.812", "elev_geoid": "-2570.633545", "elev_radii": "-4252.64502", "radius": "3391937.35", "roll": "-1.106212", "pitch": "-0.319147", "yaw": "-171.598332", "yaw_rad": "-2.99", "tilt": "1.151324", "dist_m": "125.465273", "dist_total_m": "1102.25", "dist_km": "1.10", "dist_mi": "0.68", "final": "y", "Note": "Used Mobility Report WID 41301" }, "geometry": { "type": "Point", "coordinates": [ 77.45172525, 18.43575518 ] } },
{ "type": "Feature", "properties": { "RMC": "5_500", "site": "5", "drive": "500", "sol": "131", "easting": "4354559.375", "northing": "1092671.686", "elev_geoid": "-2573.353516", "elev_radii": "-4255.083496", "radius": "3391934.92", "roll": "-3.625939", "pitch": "-1.689781", "yaw": "155.31509", "yaw_rad": "2.71", "tilt": "3.999872", "dist_m": "105.84", "dist_total_m": "1208.09", "dist_km": "1.21", "dist_mi": "0.75", "final": "y", "Note": "Used Mobility Report WID 31311" }, "geometry": { "type": "Point", "coordinates": [ 77.45204699, 18.43403225 ] } },
{ "type": "Feature", "properties": { "RMC": "5_894", "site": "5", "drive": "894", "sol": "134", "easting": "4354573.279", "northing": "1092579.398", "elev_geoid": "-2575.161621", "elev_radii": "-4256.596191", "radius": "3391933.40", "roll": "0.505125", "pitch": "-2.658974", "yaw": "154.56178", "yaw_rad": "2.70", "tilt": "2.706494", "dist_m": "94.725031", "dist_total_m": "1302.82", "dist_km": "1.30", "dist_mi": "0.81", "final": "y", "Note": "Used Mobility Report WID 41341" }, "geometry": { "type": "Point", "coordinates": [ 77.45229429, 18.4324753 ] } },
{ "type": "Feature", "properties": { "RMC": "5_1388", "site": "5", "drive": "1388", "sol": "135", "easting": "4354565.102", "northing": "1092500.047", "elev_geoid": "-2580.235", "elev_radii": "-4261.28", "radius": "3391928.72", "roll": "-0.594583", "pitch": "-7.249141", "yaw": "-126.708445", "yaw_rad": "-2.21", "tilt": "0.273354", "dist_m": "104.221144", "dist_total_m": "1407.04", "dist_km": "1.41", "dist_mi": "0.87", "final": "y", "Note": "Used Mobility Report WID 41351" }, "geometry": { "type": "Point", "coordinates": [ 77.45214885, 18.4311366 ] } },
{ "type": "Feature", "properties": { "RMC": "5_1572", "site": "5", "drive": "1572", "sol": "136", "easting": "4354559.214", "northing": "1092466.152", "elev_geoid": "-2582.629883", "elev_radii": "-4263.605957", "radius": "3391926.39", "roll": "3.418779", "pitch": "5.236466", "yaw": "105.373936", "yaw_rad": "1.84", "tilt": "6.251084", "dist_m": "36.40755893", "dist_total_m": "1443.44", "dist_km": "1.44", "dist_mi": "0.90", "final": "y", "Note": "Used Mobility Report WID 41361" }, "geometry": { "type": "Point", "coordinates": [ 77.45204413, 18.43056477 ] } },
{ "type": "Feature", "properties": { "RMC": "5_1812", "site": "5", "drive": "1812", "sol": "137", "easting": "4354565.203", "northing": "1092431.417", "elev_geoid": "-2583.791504", "elev_radii": "-4264.723145", "radius": "3391925.28", "roll": "3.114969", "pitch": "3.666012", "yaw": "90.794807", "yaw_rad": "1.58", "tilt": "4.809306", "dist_m": "37.479195", "dist_total_m": "1480.92", "dist_km": "1.48", "dist_mi": "0.92", "final": "y", "Note": "Used Mobility Report WID 31371" }, "geometry": { "type": "Point", "coordinates": [ 77.45215065, 18.42997877 ] } },
{ "type": "Feature", "properties": { "RMC": "5_2296", "site": "5", "drive": "2296", "sol": "153", "easting": "4354558.357", "northing": "1092336.2", "elev_geoid": "-2585.869629", "elev_radii": "-4266.522461", "radius": "3391923.48", "roll": "3.803948", "pitch": "0.600109", "yaw": "-140.451703", "yaw_rad": "-2.45", "tilt": "3.850925", "dist_m": "99.63444", "dist_total_m": "1580.56", "dist_km": "1.58", "dist_mi": "0.98", "final": "y", "Note": "Used Mobility Report WID 31531" }, "geometry": { "type": "Point", "coordinates": [ 77.45202888, 18.42837239 ] } },
{ "type": "Feature", "properties": { "RMC": "5_2512", "site": "5", "drive": "2512", "sol": "155", "easting": "4354532.897", "northing": "1092300.915", "elev_geoid": "-2585.086914", "elev_radii": "-4265.640137", "radius": "3391924.36", "roll": "1.035491", "pitch": "3.172076", "yaw": "-150.839809", "yaw_rad": "-2.63", "tilt": "3.336647", "dist_m": "44.483575", "dist_total_m": "1625.04", "dist_km": "1.63", "dist_mi": "1.01", "final": "y", "Note": "Used Mobility Report WID 41551" }, "geometry": { "type": "Point", "coordinates": [ 77.45157603, 18.42777713 ] } },
{ "type": "Feature", "properties": { "RMC": "6_0", "site": "6", "drive": "0", "sol": "157", "easting": "4354537.045", "northing": "1092296.026", "elev_geoid": "-2584.922", "elev_radii": "-4265.499", "radius": "3391924.50", "roll": "-1.367295", "pitch": "1.520403", "yaw": "141.085581", "yaw_rad": "2.46", "tilt": "2.044672", "dist_m": "6.570000", "dist_total_m": "1631.61", "dist_km": "1.63", "dist_mi": "1.01", "final": "y", "Note": "Used Mobility Report WID 31571" }, "geometry": { "type": "Point", "coordinates": [ 77.45164982, 18.42769464 ] } },
{ "type": "Feature", "properties": { "RMC": "6_170", "site": "6", "drive": "170", "sol": "168", "easting": "4354534.617", "northing": "1092269.875", "elev_geoid": "-2582.788", "elev_radii": "-4263.218", "radius": "3391926.78", "roll": "-0.746604", "pitch": "8.373001", "yaw": "-173.509046", "yaw_rad": "-3.03", "tilt": "8.405986", "dist_m": "31.869369", "dist_total_m": "1663.48", "dist_km": "1.66", "dist_mi": "1.03", "final": "y", "Note": "Used Mobility Report WID 31681" }, "geometry": { "type": "Point", "coordinates": [ 77.45160663, 18.42725346 ] } },
{ "type": "Feature", "properties": { "RMC": "6_410", "site": "6", "drive": "410", "sol": "169", "easting": "4354489.589", "northing": "1092292.916", "elev_geoid": "-2585.462891", "elev_radii": "-4266.004883", "radius": "3391924.00", "roll": "1.789481", "pitch": "-2.609098", "yaw": "-77.754067", "yaw_rad": "-1.36", "tilt": "3.163451", "dist_m": "53.258892", "dist_total_m": "1716.74", "dist_km": "1.72", "dist_mi": "1.07", "final": "y", "Note": "Used Mobility Report WID 31691" }, "geometry": { "type": "Point", "coordinates": [ 77.45080574, 18.42764218 ] } },
{ "type": "Feature", "properties": { "RMC": "6_892", "site": "6", "drive": "892", "sol": "170", "easting": "4354399.401", "northing": "1092340.214", "elev_geoid": "-2585.785156", "elev_radii": "-4266.373535", "radius": "3391923.63", "roll": "7.596579", "pitch": "2.899758", "yaw": "-74.588963", "yaw_rad": "-1.30", "tilt": "8.128178", "dist_m": "104.552377", "dist_total_m": "1821.29", "dist_km": "1.82", "dist_mi": "1.13", "final": "y", "Note": "Used Mobility Report WID 31701" }, "geometry": { "type": "Point", "coordinates": [ 77.44920162, 18.42844012 ] } },
{ "type": "Feature", "properties": { "RMC": "6_1450", "site": "6", "drive": "1450", "sol": "171", "easting": "4354313.697", "northing": "1092405.858", "elev_geoid": "-2583.671631", "elev_radii": "-4264.452637", "radius": "3391925.55", "roll": "8.226577", "pitch": "-1.291957", "yaw": "-57.757394", "yaw_rad": "-1.01", "tilt": "8.326718", "dist_m": "111.8729495", "dist_total_m": "1933.17", "dist_km": "1.93", "dist_mi": "1.20", "final": "y", "Note": "Used Mobility Report WID 41711" }, "geometry": { "type": "Point", "coordinates": [ 77.44767726, 18.42954757 ] } },
{ "type": "Feature", "properties": { "RMC": "6_1648", "site": "6", "drive": "1648", "sol": "173", "easting": "4354278.209", "northing": "1092409.67", "elev_geoid": "-2581.385254", "elev_radii": "-4262.264648", "radius": "3391927.74", "roll": "9.714988", "pitch": "3.030236", "yaw": "-65.026612", "yaw_rad": "-1.13", "tilt": "10.172273", "dist_m": "39.2110383", "dist_total_m": "1972.38", "dist_km": "1.97", "dist_mi": "1.23", "final": "y", "Note": "Used Mobility Report WID 51731" }, "geometry": { "type": "Point", "coordinates": [ 77.44704605, 18.42961188 ] } },
{ "type": "Feature", "properties": { "RMC": "6_1752", "site": "6", "drive": "1752", "sol": "175", "easting": "4354263.98", "northing": "1092412.611", "elev_geoid": "-2579.604", "elev_radii": "-4260.3101", "radius": "3391929.69", "roll": "-4.439935", "pitch": "19.349353", "yaw": "-164.566018", "yaw_rad": "-2.87", "tilt": "19.83318", "dist_m": "20.68432", "dist_total_m": "1993.06", "dist_km": "1.99", "dist_mi": "1.24", "final": "y", "Note": "Used Mobility Report WID 41760" }, "geometry": { "type": "Point", "coordinates": [ 77.44679297, 18.4296615 ] } },
{ "type": "Feature", "properties": { "RMC": "6_2250", "site": "6", "drive": "2250", "sol": "177", "easting": "4354188.752", "northing": "1092463.137", "elev_geoid": "-2579.368", "elev_radii": "-4260.337", "radius": "3391929.66", "roll": "6.305453", "pitch": "5.786759", "yaw": "-75.38446", "yaw_rad": "-1.32", "tilt": "8.550434", "dist_m": "93.936", "dist_total_m": "2087.00", "dist_km": "2.09", "dist_mi": "1.30", "final": "y", "Note": "Used Mobility Report WID 41771" }, "geometry": { "type": "Point", "coordinates": [ 77.44545493, 18.43051391 ] } },
{ "type": "Feature", "properties": { "RMC": "6_2666", "site": "6", "drive": "2666", "sol": "178", "easting": "4354124.422", "northing": "1092481.61", "elev_geoid": "-2574.667037", "elev_radii": "-4255.36", "radius": "3391934.64", "roll": "-0.411759", "pitch": "-0.521924", "yaw": "-142.190944", "yaw_rad": "-2.48", "tilt": "0.66479", "dist_m": "81.819678", "dist_total_m": "2168.82", "dist_km": "2.17", "dist_mi": "1.35", "final": "y", "Note": "Used Mobility Report WID41781" }, "geometry": { "type": "Point", "coordinates": [ 77.44431073, 18.43082556 ] } },
{ "type": "Feature", "properties": { "RMC": "7_0", "site": "7", "drive": "0", "sol": "180", "easting": "4354127.515", "northing": "1092476.503", "elev_geoid": "-2574.524414", "elev_radii": "-4255.513184", "radius": "3391934.49", "roll": "1.580717", "pitch": "1.260098", "yaw": "-91.672925", "yaw_rad": "-1.60", "tilt": "2.021414", "dist_m": "10.965108", "dist_total_m": "2179.78", "dist_km": "2.18", "dist_mi": "1.35", "final": "y", "Note": "Used Mobility Report WID 31801" }, "geometry": { "type": "Point", "coordinates": [ 77.44436574, 18.43073939 ] } },
{ "type": "Feature", "properties": { "RMC": "7_346", "site": "7", "drive": "346", "sol": "199", "easting": "4354068.95", "northing": "1092505.595", "elev_geoid": "-2574.186", "elev_radii": "-4255.282", "radius": "3391934.72", "roll": "-3.260227", "pitch": "-0.238659", "yaw": "-75.308112", "yaw_rad": "-1.31", "tilt": "3.268942", "dist_m": "72.636505", "dist_total_m": "2252.42", "dist_km": "2.25", "dist_mi": "1.40", "final": "y", "Note": "Used Mobility Report WID 31991" }, "geometry": { "type": "Point", "coordinates": [ 77.44332408, 18.4312302 ] } },
{ "type": "Feature", "properties": { "RMC": "7_1172", "site": "7", "drive": "1172", "sol": "200", "easting": "4353920.666", "northing": "1092583.7", "elev_geoid": "-2571.841", "elev_radii": "-4253.093", "radius": "3391936.91", "roll": "0.577081", "pitch": "4.336063", "yaw": "-50.332576", "yaw_rad": "-0.88", "tilt": "4.374223", "dist_m": "169.854551", "dist_total_m": "2422.27", "dist_km": "2.42", "dist_mi": "1.51", "final": "y", "Note": "Used Mobility Report WID 32001" }, "geometry": { "type": "Point", "coordinates": [ 77.44068664, 18.43254788 ] } },
{ "type": "Feature", "properties": { "RMC": "7_1358", "site": "7", "drive": "1358", "sol": "201", "easting": "4353954.419", "northing": "1092592.835", "elev_geoid": "-2574.247", "elev_radii": "-4255.511", "radius": "3391934.49", "roll": "1.322568", "pitch": "-5.459334", "yaw": "45.951552", "yaw_rad": "0.80", "tilt": "5.61678", "dist_m": "42.232498", "dist_total_m": "2464.51", "dist_km": "2.46", "dist_mi": "1.53", "final": "y", "Note": "Used Mobility Report WID 32011" }, "geometry": { "type": "Point", "coordinates": [ 77.44128698, 18.43270199 ] } },
{ "type": "Feature", "properties": { "RMC": "7_1556", "site": "7", "drive": "1556", "sol": "202", "easting": "4353981.044", "northing": "1092626.708", "elev_geoid": "-2575.186", "elev_radii": "-4256.583", "radius": "3391933.42", "roll": "2.127509", "pitch": "3.034111", "yaw": "32.431528", "yaw_rad": "0.57", "tilt": "3.705117", "dist_m": "45.213464", "dist_total_m": "2509.72", "dist_km": "2.51", "dist_mi": "1.56", "final": "y", "Note": "Used Mobility Report WID 32021" }, "geometry": { "type": "Point", "coordinates": [ 77.44176055, 18.43327345 ] } },
{ "type": "Feature", "properties": { "RMC": "7_1716", "site": "7", "drive": "1716", "sol": "203", "easting": "4354008.453", "northing": "1092630.286", "elev_geoid": "-2574.431641", "elev_radii": "-4255.897949", "radius": "3391934.10", "roll": "2.985636", "pitch": "1.48023", "yaw": "87.462676", "yaw_rad": "1.53", "tilt": "3.332134", "dist_m": "29.35454924", "dist_total_m": "2539.07", "dist_km": "2.54", "dist_mi": "1.58", "final": "y", "Note": "Used Mobility Report WID 32031" }, "geometry": { "type": "Point", "coordinates": [ 77.44224805, 18.43333382 ] } },
{ "type": "Feature", "properties": { "RMC": "7_1836", "site": "7", "drive": "1836", "sol": "204", "easting": "4354017.564", "northing": "1092634.105", "elev_geoid": "-2573.581543", "elev_radii": "-4254.859863", "radius": "3391935.14", "roll": "-6.451359", "pitch": "3.609982", "yaw": "-49.721127", "yaw_rad": "-0.87", "tilt": "7.388969", "dist_m": "17.00715543", "dist_total_m": "2556.08", "dist_km": "2.56", "dist_mi": "1.59", "final": "y", "Note": "Used Mobility Report WID 32041" }, "geometry": { "type": "Point", "coordinates": [ 77.4424101, 18.43339824 ] } },
{ "type": "Feature", "properties": { "RMC": "7_2050", "site": "7", "drive": "2050", "sol": "210", "easting": "4354001.307", "northing": "1092657.036", "elev_geoid": "-2573.32", "elev_radii": "-4254.74", "radius": "3391935.26", "roll": "-5.25622", "pitch": "4.527471", "yaw": "27.65755", "yaw_rad": "0.48", "tilt": "6.93313", "dist_m": "53.352832", "dist_total_m": "2609.43", "dist_km": "2.61", "dist_mi": "1.62", "final": "y", "Note": "Used Mobility Report WID 32101" }, "geometry": { "type": "Point", "coordinates": [ 77.44212095, 18.4337851 ] } },
{ "type": "Feature", "properties": { "RMC": "7_2246", "site": "7", "drive": "2246", "sol": "237", "easting": "4354031.782", "northing": "1092664.566", "elev_geoid": "-2571.049561", "elev_radii": "-4252.611328", "radius": "3391937.39", "roll": "-3.613679", "pitch": "2.664402", "yaw": "77.152119", "yaw_rad": "1.35", "tilt": "4.488686", "dist_m": "32.519094", "dist_total_m": "2641.95", "dist_km": "2.64", "dist_mi": "1.64", "final": "y", "Note": "Used Mobility Report WID 32101" }, "geometry": { "type": "Point", "coordinates": [ 77.442663, 18.43391213 ] } },
{ "type": "Feature", "properties": { "RMC": "7_2326", "site": "7", "drive": "2326", "sol": "238", "easting": "4354048.478", "northing": "1092661.839", "elev_geoid": "-2568.981689", "elev_radii": "-4250.574219", "radius": "3391939.43", "roll": "-2.950937", "pitch": "11.954509", "yaw": "110.068667", "yaw_rad": "1.92", "tilt": "12.308191", "dist_m": "17.8700161", "dist_total_m": "2659.82", "dist_km": "2.66", "dist_mi": "1.65", "final": "y", "Note": "Used Mobility Report WID 42381" }, "geometry": { "type": "Point", "coordinates": [ 77.44295996, 18.43386612 ] } },
{ "type": "Feature", "properties": { "RMC": "7_2440", "site": "7", "drive": "2440", "sol": "239", "easting": "4354051.396", "northing": "1092667.455", "elev_geoid": "-2568.986084", "elev_radii": "-4250.59668", "radius": "3391939.40", "roll": "0.38975", "pitch": "-7.79774", "yaw": "-74.138055", "yaw_rad": "-1.29", "tilt": "7.807414", "dist_m": "11.66308319", "dist_total_m": "2671.49", "dist_km": "2.67", "dist_mi": "1.66", "final": "y", "Note": "Used Mobility Report WID 52391" }, "geometry": { "type": "Point", "coordinates": [ 77.44301185, 18.43396087 ] } },
{ "type": "Feature", "properties": { "RMC": "8_0", "site": "8", "drive": "0", "sol": "248", "easting": "4354051.81", "northing": "1092667.644", "elev_geoid": "-2569.154", "elev_radii": "-4250.597", "radius": "3391939.40", "roll": "-5.253902", "pitch": "3.776274", "yaw": "70.139814", "yaw_rad": "1.22", "tilt": "6.467127", "dist_m": "0.697458", "dist_total_m": "2672.18", "dist_km": "2.67", "dist_mi": "1.66", "final": "y", "Note": "Used Mobility Report WID 42490" }, "geometry": { "type": "Point", "coordinates": [ 77.44301922, 18.43396406 ] } }
]
}
